<?xml version="1.0" encoding="utf-8" ?>

<MediaCodecs>
    <Encoders>
        <MediaCodec name="OMX.oppo.h264.encoder" type="video/avc" update="true">
            <Limit name="measured-frame-rate-320x240" range="185-185" />
            <Limit name="measured-frame-rate-720x480" range="87-87" />
<!-- #ifndef VENDOR_EDIT -->
<!-- Wuhan@PSW.MM.MediaServer.Cts.1506408, 2018/08/13, -->
<!-- Modify for VideoDecoderPerfTest cts -->
<!--
            <Limit name="measured-frame-rate-1280x720" range="45-45" />
            <Limit name="measured-frame-rate-1920x1080" range="20-20" />
-->
<!-- #else  //VENDOR_EDIT -->
            <Limit name="measured-frame-rate-1280x720" range="20-30" />
            <Limit name="measured-frame-rate-1920x1080" range="10-20" />
<!-- #endif //VENDOR_EDIT -->
        </MediaCodec>
    </Encoders>
</MediaCodecs>
